"small kid",smallkid@gmail.com,0b5de470bdace90bd6cfb2541eb79f99
"olamide akande",profscience3005@gmail.com,d062966d7430a08420ebbc401e98d09c
"adeyemi hakeem",adeyemihakeem@gmail.com,417f4ef874925faebdcc8c79b32246ca
"kokumo rasheed",kokumorasheed@gmail.com,db2e0733e95218f98f7eafafdfcb681a
"adelani quadri",adelaniquadri@gmail.com,aaaaaaaaaa
"abeboye segun",adeboyesegun@gmail.com,e6c1ef25b5bcaaacc285489eae10d5e1
olamide,olamide1010@gmail.com,rrrrrrrrrr
